,u,v,j,i,X,Y,Z
3,400.345,149.29396,8,4,4.0,2.0,0
4,335.4891,151.3347,8,2,4.0,1.0,0
5,272.05286,153.15154,8,0,4.0,0.0,0
6,208.27286,154.37962,8,-2,4.0,-1.0,0
9,464.10062,212.07391,6,6,3.0,3.0,0
10,397.2816,213.39142,6,4,3.0,2.0,0
11,332.344,215.34439,6,2,3.0,1.0,0
12,269.1262,217.8886,6,0,3.0,0.0,0
13,206.25418,219.43306,6,-2,3.0,-1.0,0
14,142.54779,220.33539,6,-4,3.0,-2.0,0
15,529.22534,275.45905,4,8,2.0,4.0,0
18,461.18234,276.92972,4,6,2.0,3.0,0
19,394.30945,278.12436,4,4,2.0,2.0,0
20,329.94537,279.91077,4,2,2.0,1.0,0
21,266.19153,281.88608,4,0,2.0,0.0,0
22,203.36177,283.54913,4,-2,2.0,-1.0,0
23,141.28558,285.26425,4,-4,2.0,-2.0,0
24,527.13995,342.03003,2,8,1.0,4.0,0
26,392.2103,343.29288,2,4,1.0,2.0,0
27,459.0664,342.66586,2,6,1.0,3.0,0
29,327.15717,344.78513,2,2,1.0,1.0,0
30,263.36542,346.2293,2,0,1.0,0.0,0
31,201.14804,348.12006,2,-2,1.0,-1.0,0
32,140.0169,350.1243,2,-4,1.0,-2.0,0
33,76.31304,350.9846,2,-6,1.0,-3.0,0
34,458.00635,409.00266,0,6,0.0,3.0,0
35,526.8657,409.14816,0,8,0.0,4.0,0
36,390.62604,409.7118,0,4,0.0,2.0,0
38,261.29895,411.29364,0,0,0.0,0.0,0
39,325.04956,410.70554,0,2,0.0,1.0,0
41,199.12178,413.0162,0,-2,0.0,-1.0,0
42,137.9276,414.802,0,-4,0.0,-2.0,0
43,74.537346,416.08414,0,-6,0.0,-3.0,0
44,323.9333,476.92,-2,2,-1.0,1.0,0
45,389.61618,476.77457,-2,4,-1.0,2.0,0
46,457.013,476.71027,-2,6,-1.0,3.0,0
47,526.7929,477.21332,-2,8,-1.0,4.0,0
48,197.18184,478.22272,-2,-2,-1.0,-1.0,0
49,259.93335,477.85684,-2,0,-1.0,0.0,0
51,135.99649,480.00452,-2,-4,-1.0,-2.0,0
52,72.57344,481.0525,-2,-6,-1.0,-3.0,0
54,323.16055,544.04736,-4,2,-2.0,1.0,0
55,196.21376,544.9714,-4,-2,-2.0,-1.0,0
56,259.59464,544.7797,-4,0,-2.0,0.0,0
57,388.94577,544.7016,-4,4,-2.0,2.0,0
58,457.065,545.20447,-4,6,-2.0,3.0,0
59,134.23817,545.94183,-4,-4,-2.0,-2.0,0
60,70.685905,547.12787,-4,-6,-2.0,-3.0,0
61,527.7462,546.8427,-4,8,-2.0,4.0,0
64,195.8551,612.0211,-6,-2,-3.0,-1.0,0
65,259.0586,611.8637,-6,0,-3.0,0.0,0
66,133.04999,612.88513,-6,-4,-3.0,-2.0,0
67,323.82217,612.7464,-6,2,-3.0,1.0,0
68,389.73602,612.84735,-6,4,-3.0,2.0,0
69,68.77083,614.19464,-6,-6,-3.0,-3.0,0
70,457.96777,614.10706,-6,6,-3.0,3.0,0
71,529.0614,616.7454,-6,8,-3.0,4.0,0
73,195.47568,680.08606,-8,-2,-4.0,-1.0,0
74,259.60104,679.8412,-8,0,-4.0,0.0,0
75,132.03198,680.6607,-8,-4,-4.0,-2.0,0
76,324.79596,681.0346,-8,2,-4.0,1.0,0
77,392.24982,683.4049,-8,4,-4.0,2.0,0
78,460.74014,684.9381,-8,6,-4.0,3.0,0
79,531.07996,687.46857,-8,8,-4.0,4.0,0
80,195.62675,749.8894,-10,-2,-5.0,-1.0,0
81,260.68872,749.9908,-10,0,-5.0,0.0,0
82,326.07007,750.2976,-10,2,-5.0,1.0,0
83,130.55734,751.0985,-10,-4,-5.0,-2.0,0
84,393.76617,753.04034,-10,4,-5.0,2.0,0
85,463.13757,755.231,-10,6,-5.0,3.0,0
86,535.4187,759.2964,-10,8,-5.0,4.0,0
87,195.39691,820.99805,-12,-2,-6.0,-1.0,0
88,261.20343,821.0961,-12,0,-6.0,0.0,0
89,328.6449,822.78094,-12,2,-6.0,1.0,0
90,396.85754,824.9524,-12,4,-6.0,2.0,0
91,467.89603,829.041,-12,6,-6.0,3.0,0
4,412.0082,153.71657,8,4,4.0,2.0,1
5,347.1172,155.84901,8,2,4.0,1.0,1
6,283.0372,157.26778,8,0,4.0,0.0,1
7,219.3239,158.59047,8,-2,4.0,-1.0,1
10,475.299,216.26828,6,6,3.0,3.0,1
11,408.36517,217.43274,6,4,3.0,2.0,1
12,343.36728,219.37665,6,2,3.0,1.0,1
13,280.1226,221.93446,6,0,3.0,0.0,1
14,153.53392,224.5562,6,-4,3.0,-2.0,1
15,217.83377,224.03287,6,-2,3.0,-1.0,1
16,541.2917,279.75238,4,8,2.0,4.0,1
18,473.12958,281.18762,4,6,2.0,3.0,1
20,406.02704,282.25256,4,4,2.0,2.0,1
21,341.01053,284.00977,4,2,2.0,1.0,1
22,277.16467,285.93796,4,0,2.0,0.0,1
23,214.87193,288.10178,4,-2,2.0,-1.0,1
24,152.26448,289.4497,4,-4,2.0,-2.0,1
25,88.46062,290.195,4,-6,2.0,-3.0,1
26,471.034,346.99304,2,6,1.0,3.0,1
27,539.95636,346.8837,2,8,1.0,4.0,1
29,404.0053,347.8218,2,4,1.0,2.0,1
31,338.25027,348.93823,2,2,1.0,1.0,1
32,274.30087,350.31018,2,0,1.0,0.0,1
33,212.0658,352.27158,2,-2,1.0,-1.0,1
34,150.37204,354.17416,2,-4,1.0,-2.0,1
35,87.410286,355.23566,2,-6,1.0,-3.0,1
36,402.00174,413.95953,0,4,0.0,2.0,1
37,470.0198,413.7825,0,6,0.0,3.0,1
38,539.0723,414.02603,0,8,0.0,4.0,1
39,336.6805,414.92236,0,2,0.0,1.0,1
41,272.30225,415.95435,0,0,0.0,0.0,1
42,210.0142,417.23132,0,-2,0.0,-1.0,1
44,148.1901,418.87363,0,-4,0.0,-2.0,1
45,85.5798,420.3043,0,-6,0.0,-3.0,1
46,401.0177,481.10794,-2,4,-1.0,2.0,1
47,469.10965,481.26416,-2,6,-1.0,3.0,1
48,270.9481,482.05008,-2,0,-1.0,0.0,1
49,335.57486,481.75473,-2,2,-1.0,1.0,1
50,539.04443,482.24573,-2,8,-1.0,4.0,1
51,208.14435,482.99393,-2,-2,-1.0,-1.0,1
52,146.27585,484.14835,-2,-4,-1.0,-2.0,1
54,83.569,485.30777,-2,-6,-1.0,-3.0,1
56,207.16486,549.2495,-4,-2,-2.0,-1.0,1
57,270.2158,549.00446,-4,0,-2.0,0.0,1
58,334.8706,548.9741,-4,2,-2.0,1.0,1
59,400.8253,549.1407,-4,4,-2.0,2.0,1
60,145.13321,550.15094,-4,-4,-2.0,-2.0,1
61,81.66038,551.38055,-4,-6,-2.0,-3.0,1
62,469.8932,550.79443,-4,6,-2.0,3.0,1
63,540.0444,551.84503,-4,8,-2.0,4.0,1
66,144.06851,617.08307,-6,-4,-3.0,-2.0,1
67,206.93114,616.8942,-6,-2,-3.0,-1.0,1
68,270.60745,616.85333,-6,0,-3.0,0.0,1
69,335.63602,617.77716,-6,2,-3.0,1.0,1
70,401.77142,617.8992,-6,4,-3.0,2.0,1
71,80.24165,618.88965,-6,-6,-3.0,-3.0,1
72,470.8149,619.8326,-6,6,-3.0,3.0,1
73,541.96735,621.90405,-6,8,-3.0,4.0,1
75,207.05458,684.9685,-8,-2,-4.0,-1.0,1
76,270.97742,684.8822,-8,0,-4.0,0.0,1
77,143.05855,685.53375,-8,-4,-4.0,-2.0,1
78,336.26038,685.9893,-8,2,-4.0,1.0,1
79,78.490326,686.7644,-8,-6,-4.0,-3.0,1
80,404.30634,688.5499,-8,4,-4.0,2.0,1
81,473.03827,690.1652,-8,6,-4.0,3.0,1
82,545.00684,693.60156,-8,8,-4.0,4.0,1
83,206.91042,754.8241,-10,-2,-5.0,-1.0,1
84,272.07242,755.0085,-10,0,-5.0,0.0,1
85,142.02208,756.0201,-10,-4,-5.0,-2.0,1
86,338.17877,756.04297,-10,2,-5.0,1.0,1
87,405.94498,758.28723,-10,4,-5.0,2.0,1
88,476.07227,761.1917,-10,6,-5.0,3.0,1
89,549.452,765.6069,-10,8,-5.0,4.0,1
90,207.0916,826.81903,-12,-2,-6.0,-1.0,1
91,273.14127,826.97833,-12,0,-6.0,0.0,1
92,340.78036,828.7509,-12,2,-6.0,1.0,1
93,409.8285,831.7083,-12,4,-6.0,2.0,1
94,481.13104,835.3755,-12,6,-6.0,3.0,1
5,423.24176,157.36707,8,4,4.0,2.0,2
6,358.1901,159.45883,8,2,4.0,1.0,2
7,294.1318,161.41911,8,0,4.0,0.0,2
11,487.2094,220.41501,6,6,3.0,3.0,2
12,420.1995,221.91031,6,4,3.0,2.0,2
13,355.07407,223.89192,6,2,3.0,1.0,2
14,291.11267,225.95189,6,0,3.0,0.0,2
15,228.83847,228.17056,6,-2,3.0,-1.0,2
16,165.2031,229.1749,6,-4,3.0,-2.0,2
17,554.0617,284.5114,4,8,2.0,4.0,2
19,485.12286,285.71643,4,6,2.0,3.0,2
21,417.94107,286.7898,4,4,2.0,2.0,2
22,352.13306,288.1111,4,2,2.0,1.0,2
23,288.1595,290.0217,4,0,2.0,0.0,2
24,225.25427,292.03497,4,-2,2.0,-1.0,2
25,99.57582,294.47147,4,-6,2.0,-3.0,2
26,163.96266,294.101,4,-4,2.0,-2.0,2
27,552.20074,351.291,2,8,1.0,4.0,2
28,415.9255,352.17316,2,4,1.0,2.0,2
29,483.10754,351.68948,2,6,1.0,3.0,2
31,349.9909,353.20135,2,2,1.0,1.0,2
33,285.95462,354.93558,2,0,1.0,0.0,2
34,222.39034,356.2962,2,-2,1.0,-1.0,2
35,161.27496,358.3258,2,-4,1.0,-2.0,2
36,98.546974,359.53738,2,-6,1.0,-3.0,2
37,482.12833,418.24854,0,6,0.0,3.0,2
38,347.95096,419.1632,0,2,0.0,1.0,2
39,413.99783,418.73062,0,4,0.0,2.0,2
40,552.04846,418.9871,0,8,0.0,4.0,2
41,283.39175,420.1949,0,0,0.0,0.0,2
43,221.05873,421.79636,0,-2,0.0,-1.0,2
45,159.08136,423.0789,0,-4,0.0,-2.0,2
46,97.28302,424.87375,0,-6,0.0,-3.0,2
47,346.89148,486.08066,-2,2,-1.0,1.0,2
48,413.068,486.03802,-2,4,-1.0,2.0,2
49,219.12541,487.27927,-2,-2,-1.0,-1.0,2
50,282.1896,486.85495,-2,0,-1.0,0.0,2
51,481.9477,486.707,-2,6,-1.0,3.0,2
52,552.0357,487.3634,-2,8,-1.0,4.0,2
53,157.2278,488.40668,-2,-4,-1.0,-2.0,2
55,95.23625,489.95068,-2,-6,-1.0,-3.0,2
57,218.25975,554.0403,-4,-2,-2.0,-1.0,2
58,281.9218,553.909,-4,0,-2.0,0.0,2
59,346.7566,553.9532,-4,2,-2.0,1.0,2
60,412.9397,554.1598,-4,4,-2.0,2.0,2
61,156.14331,554.84784,-4,-4,-2.0,-2.0,2
62,482.08667,555.376,-4,6,-2.0,3.0,2
63,93.24806,556.0464,-4,-6,-2.0,-3.0,2
64,553.13715,557.0527,-4,8,-2.0,4.0,2
67,218.04572,621.18774,-6,-2,-3.0,-1.0,2
68,155.15468,621.88074,-6,-4,-3.0,-2.0,2
69,281.9899,621.7388,-6,0,-3.0,0.0,2
70,347.04715,622.165,-6,2,-3.0,1.0,2
71,91.417656,623.1594,-6,-6,-3.0,-3.0,2
72,413.92883,622.93164,-6,4,-3.0,2.0,2
73,483.73022,625.13403,-6,6,-3.0,3.0,2
74,555.9291,627.9085,-6,8,-3.0,4.0,2
76,154.30609,689.9245,-8,-4,-4.0,-2.0,2
77,218.35954,689.9482,-8,-2,-4.0,-1.0,2
78,282.77487,690.03107,-8,0,-4.0,0.0,2
79,348.2418,691.11816,-8,2,-4.0,1.0,2
80,89.67749,691.70746,-8,-6,-4.0,-3.0,2
81,417.19907,694.27313,-8,4,-4.0,2.0,2
82,486.6613,696.164,-8,6,-4.0,3.0,2
83,559.7494,700.4985,-8,8,-4.0,4.0,2
84,218.63803,759.8784,-10,-2,-5.0,-1.0,2
85,283.99808,760.16046,-10,0,-5.0,0.0,2
86,153.43523,761.0052,-10,-4,-5.0,-2.0,2
87,350.8758,762.04364,-10,2,-5.0,1.0,2
88,418.90732,764.33136,-10,4,-5.0,2.0,2
89,490.01,767.9507,-10,6,-5.0,3.0,2
91,218.91873,832.0463,-12,-2,-6.0,-1.0,2
92,285.12894,832.2324,-12,0,-6.0,0.0,2
93,352.9943,834.1156,-12,2,-6.0,1.0,2
94,422.88657,837.8689,-12,4,-6.0,2.0,2
95,495.15186,842.44214,-12,6,-6.0,3.0,2
6,435.36536,162.0634,8,4,4.0,2.0,3
7,370.1391,164.1572,8,2,4.0,1.0,3
8,305.90106,166.08197,8,0,4.0,0.0,3
13,500.06302,225.12865,6,6,3.0,3.0,3
14,432.27768,226.23653,6,4,3.0,2.0,3
15,366.94888,228.17197,6,2,3.0,1.0,3
16,302.3616,230.15222,6,0,3.0,0.0,3
17,239.47404,232.25432,6,-2,3.0,-1.0,3
18,177.08261,233.98853,6,-4,3.0,-2.0,3
19,497.3216,290.32687,4,6,2.0,3.0,3
20,567.0699,289.53943,4,8,2.0,4.0,3
22,429.98306,291.23874,4,4,2.0,2.0,3
24,364.16705,292.8453,4,2,2.0,1.0,3
25,299.38373,294.2616,4,0,2.0,0.0,3
26,236.39322,296.2905,4,-2,2.0,-1.0,3
27,175.15404,298.47375,4,-4,2.0,-2.0,3
28,111.50154,299.38858,4,-6,2.0,-3.0,3
29,428.0618,357.0273,2,4,1.0,2.0,3
30,496.05573,356.71164,2,6,1.0,3.0,3
31,566.0544,356.82645,2,8,1.0,4.0,3
33,361.99316,358.04706,2,2,1.0,1.0,3
34,297.21805,359.29288,2,0,1.0,0.0,3
36,234.1963,361.04803,2,-2,1.0,-1.0,3
37,173.03296,363.10095,2,-4,1.0,-2.0,3
38,110.493126,364.39557,2,-6,1.0,-3.0,3
39,360.00974,424.10574,0,2,0.0,1.0,3
40,426.79092,423.82544,0,4,0.0,2.0,3
41,495.14392,423.7342,0,6,0.0,3.0,3
42,565.1866,424.10623,0,8,0.0,4.0,3
43,295.29596,425.09946,0,0,0.0,0.0,3
45,232.21121,426.25128,0,-2,0.0,-1.0,3
46,170.89362,427.9102,0,-4,0.0,-2.0,3
48,108.61592,429.35077,0,-6,0.0,-3.0,3
49,359.046,491.18896,-2,2,-1.0,1.0,3
50,425.93112,491.2624,-2,4,-1.0,2.0,3
51,230.44489,492.14465,-2,-2,-1.0,-1.0,3
52,294.10446,491.86377,-2,0,-1.0,0.0,3
53,495.0118,491.9808,-2,6,-1.0,3.0,3
54,168.36154,493.22604,-2,-4,-1.0,-2.0,3
55,565.9587,493.19867,-2,8,-1.0,4.0,3
56,107.1992,494.85123,-2,-6,-1.0,-3.0,3
59,230.12987,559.0836,-4,-2,-2.0,-1.0,3
60,293.9211,559.04736,-4,0,-2.0,0.0,3
61,358.96692,559.07434,-4,2,-2.0,1.0,3
62,167.94643,559.78046,-4,-4,-2.0,-2.0,3
63,425.95468,559.87805,-4,4,-2.0,2.0,3
64,105.17426,560.943,-4,-6,-2.0,-3.0,3
65,495.85455,561.3043,-4,6,-2.0,3.0,3
66,567.14044,562.9423,-4,8,-2.0,4.0,3
69,166.99907,626.89014,-6,-4,-3.0,-2.0,3
70,230.00858,626.8743,-6,-2,-3.0,-1.0,3
71,294.04257,626.8738,-6,0,-3.0,0.0,3
72,103.33995,628.0674,-6,-6,-3.0,-3.0,3
73,359.83572,627.9572,-6,2,-3.0,1.0,3
74,426.99643,628.7589,-6,4,-3.0,2.0,3
75,497.1261,631.0032,-6,6,-3.0,3.0,3
76,569.9914,633.55237,-6,8,-3.0,4.0,3
78,230.41321,695.1142,-8,-2,-4.0,-1.0,3
79,166.2375,695.5814,-8,-4,-4.0,-2.0,3
80,295.04852,695.84985,-8,0,-4.0,0.0,3
81,101.64195,696.8119,-8,-6,-4.0,-3.0,3
82,361.1317,697.0909,-8,2,-4.0,1.0,3
83,430.289,700.1482,-8,4,-4.0,2.0,3
84,500.05923,702.1814,-8,6,-4.0,3.0,3
86,165.52174,766.1213,-10,-4,-5.0,-2.0,3
87,230.84445,765.7049,-10,-2,-5.0,-1.0,3
88,296.80774,766.7186,-10,0,-5.0,0.0,3
89,363.81287,768.0688,-10,2,-5.0,1.0,3
90,432.79794,771.06396,-10,4,-5.0,2.0,3
91,504.21176,774.40045,-10,6,-5.0,3.0,3
93,231.27997,838.059,-12,-2,-6.0,-1.0,3
94,298.10397,839.0492,-12,0,-6.0,0.0,3
95,366.81732,841.6747,-12,2,-6.0,1.0,3
96,436.95428,845.1204,-12,4,-6.0,2.0,3
97,510.04373,850.3143,-12,6,-6.0,3.0,3
6,446.19458,165.84373,8,4,4.0,2.0,4
7,380.23166,167.4135,8,2,4.0,1.0,4
8,316.11243,169.8316,8,0,4.0,0.0,4
9,252.43382,171.41495,8,-2,4.0,-1.0,4
10,188.39647,172.24673,8,-4,4.0,-2.0,4
13,511.0196,228.97235,6,6,3.0,3.0,4
14,443.128,230.0421,6,4,3.0,2.0,4
15,377.22787,231.87198,6,2,3.0,1.0,4
16,313.00024,233.95456,6,0,3.0,0.0,4
17,250.02904,236.08597,6,-2,3.0,-1.0,4
18,187.11394,237.55801,6,-4,3.0,-2.0,4
19,122.55751,238.0123,6,-6,3.0,-3.0,4
20,509.0545,294.28506,4,6,2.0,3.0,4
21,578.2758,293.52155,4,8,2.0,4.0,4
23,440.88895,295.0635,4,4,2.0,2.0,4
25,374.27817,296.24136,4,2,2.0,1.0,4
26,310.062,298.15707,4,0,2.0,0.0,4
27,246.98042,300.17712,4,-2,2.0,-1.0,4
28,185.14339,302.23892,4,-4,2.0,-2.0,4
29,122.22056,303.3444,4,-6,2.0,-3.0,4
30,439.0323,360.9986,2,4,1.0,2.0,4
31,507.77167,360.78857,2,6,1.0,3.0,4
32,577.936,361.0469,2,8,1.0,4.0,4
33,372.24295,361.90024,2,2,1.0,1.0,4
35,307.3387,363.10318,2,0,1.0,0.0,4
36,243.53569,364.4333,2,-2,1.0,-1.0,4
38,182.99394,366.8901,2,-4,1.0,-2.0,4
39,121.25279,368.3864,2,-6,1.0,-3.0,4
40,370.87137,428.13858,0,2,0.0,1.0,4
41,437.8139,427.91852,0,4,0.0,2.0,4
42,506.8884,427.92764,0,6,0.0,3.0,4
43,306.0,429.11707,0,0,0.0,0.0,4
44,577.84406,428.80835,0,8,0.0,4.0,4
45,242.25388,430.1617,0,-2,0.0,-1.0,4
47,179.49141,431.24387,0,-4,0.0,-2.0,4
48,119.30391,433.31424,0,-6,0.0,-3.0,4
50,54.269318,434.09555,0,-8,0.0,-4.0,4
51,240.97565,496.28613,-2,-2,-1.0,-1.0,4
52,304.7969,495.9529,-2,0,-1.0,0.0,4
53,370.00958,495.76538,-2,2,-1.0,1.0,4
54,437.1164,495.7965,-2,4,-1.0,2.0,4
55,506.25345,496.21082,-2,6,-1.0,3.0,4
56,178.36682,497.13913,-2,-4,-1.0,-2.0,4
57,116.61839,498.37646,-2,-6,-1.0,-3.0,4
58,578.0756,497.95572,-2,8,-1.0,4.0,4
59,52.42244,499.8854,-2,-8,-1.0,-4.0,4
62,240.23453,563.1985,-4,-2,-2.0,-1.0,4
63,304.1667,563.08655,-4,0,-2.0,0.0,4
64,177.98254,563.8046,-4,-4,-2.0,-2.0,4
65,370.00107,563.7692,-4,2,-2.0,1.0,4
66,437.07565,564.13116,-4,4,-2.0,2.0,4
67,115.3331,564.8957,-4,-6,-2.0,-3.0,4
68,507.85825,566.1265,-4,6,-2.0,3.0,4
69,579.9965,567.9952,-4,8,-2.0,4.0,4
71,177.1071,630.9607,-6,-4,-3.0,-2.0,4
72,240.2286,630.9783,-6,-2,-3.0,-1.0,4
73,304.8402,631.12146,-6,0,-3.0,0.0,4
74,114.02451,632.08435,-6,-6,-3.0,-3.0,4
75,370.97452,632.72626,-6,2,-3.0,1.0,4
76,438.75488,633.6853,-6,4,-3.0,2.0,4
77,509.19644,635.9401,-6,6,-3.0,3.0,4
78,582.25494,638.50824,-6,8,-3.0,4.0,4
80,176.94458,699.86304,-8,-4,-4.0,-2.0,4
81,241.27895,699.87274,-8,-2,-4.0,-1.0,4
82,112.27504,700.9055,-8,-6,-4.0,-3.0,4
83,306.07272,700.73694,-8,0,-4.0,0.0,4
84,372.79666,702.1232,-8,2,-4.0,1.0,4
85,442.155,705.149,-8,4,-4.0,2.0,4
86,512.9326,707.9045,-8,6,-4.0,3.0,4
88,241.63676,769.9649,-10,-2,-5.0,-1.0,4
89,176.2761,770.89124,-10,-4,-5.0,-2.0,4
90,307.73816,771.0488,-10,0,-5.0,0.0,4
91,375.06082,773.0894,-10,2,-5.0,1.0,4
92,444.94424,776.7955,-10,4,-5.0,2.0,4
93,517.082,780.33,-10,6,-5.0,3.0,4
95,242.23412,843.0611,-12,-2,-6.0,-1.0,4
96,309.18152,844.1727,-12,0,-6.0,0.0,4
97,377.98148,846.3136,-12,2,-6.0,1.0,4
98,449.19284,851.16797,-12,4,-6.0,2.0,4
2,395.00372,106.37125,10,2,5.0,1.0,5
3,329.30978,108.60134,10,0,5.0,0.0,5
5,525.0494,167.86719,8,6,4.0,3.0,5
6,457.06152,169.2671,8,4,4.0,2.0,5
7,391.06943,171.27011,8,2,4.0,1.0,5
8,326.26114,173.17204,8,0,4.0,0.0,5
9,263.1362,175.4216,8,-2,4.0,-1.0,5
10,199.19334,176.38342,8,-4,4.0,-2.0,5
12,591.93726,232.14223,6,8,3.0,4.0,5
13,522.17914,232.93428,6,6,3.0,3.0,5
14,454.1519,233.90762,6,4,3.0,2.0,5
15,388.0543,235.79333,6,2,3.0,1.0,5
16,323.14056,237.32845,6,0,3.0,0.0,5
17,260.05197,239.50618,6,-2,3.0,-1.0,5
18,197.3524,241.488,6,-4,3.0,-2.0,5
19,133.3768,242.1312,6,-6,3.0,-3.0,5
20,520.2349,298.32718,4,6,2.0,3.0,5
21,590.23236,297.72125,4,8,2.0,4.0,5
22,451.98172,299.11478,4,4,2.0,2.0,5
24,385.19983,300.20682,4,2,2.0,1.0,5
26,320.84348,302.09305,4,0,2.0,0.0,5
27,256.48224,303.48553,4,-2,2.0,-1.0,5
28,195.22292,306.0288,4,-4,2.0,-2.0,5
29,132.44627,307.3453,4,-6,2.0,-3.0,5
30,450.14905,365.118,2,4,1.0,2.0,5
31,519.05206,364.99118,2,6,1.0,3.0,5
32,590.02057,365.37927,2,8,1.0,4.0,5
33,383.20462,365.9681,2,2,1.0,1.0,5
34,318.1848,367.15894,2,0,1.0,0.0,5
36,254.27675,368.48276,2,-2,1.0,-1.0,5
38,192.3643,370.31454,2,-4,1.0,-2.0,5
39,131.43362,372.31998,2,-6,1.0,-3.0,5
40,67.00152,374.32706,2,-8,1.0,-4.0,5
41,448.99457,432.12775,0,4,0.0,2.0,5
42,518.22687,432.2491,0,6,0.0,3.0,5
43,316.30386,433.1531,0,0,0.0,0.0,5
44,381.91028,432.62634,0,2,0.0,1.0,5
45,589.3084,433.1926,0,8,0.0,4.0,5
46,252.41034,434.16592,0,-2,0.0,-1.0,5
47,190.22076,435.3368,0,-4,0.0,-2.0,5
49,129.39633,437.23557,0,-6,0.0,-3.0,5
50,65.23491,438.23254,0,-8,0.0,-4.0,5
53,251.26466,500.34024,-2,-2,-1.0,-1.0,5
54,315.2153,500.04572,-2,0,-1.0,0.0,5
55,381.06918,500.02612,-2,2,-1.0,1.0,5
56,448.87427,500.22354,-2,4,-1.0,2.0,5
57,189.11838,501.343,-2,-4,-1.0,-2.0,5
58,518.85565,501.2013,-2,6,-1.0,3.0,5
59,127.37102,502.48077,-2,-6,-1.0,-3.0,5
60,590.90955,502.93134,-2,8,-1.0,4.0,5
61,63.430897,504.00806,-2,-8,-1.0,-4.0,5
63,188.13878,567.9619,-4,-4,-2.0,-2.0,5
64,251.10625,567.8305,-4,-2,-2.0,-1.0,5
65,315.16788,567.80054,-4,0,-2.0,0.0,5
66,381.14365,568.12305,-4,2,-2.0,1.0,5
67,126.19945,569.0726,-4,-6,-2.0,-3.0,5
68,448.98035,569.00287,-4,4,-2.0,2.0,5
69,62.16237,570.6529,-4,-8,-2.0,-4.0,5
70,519.93896,571.07,-4,6,-2.0,3.0,5
71,592.96857,573.12823,-4,8,-2.0,4.0,5
73,124.35124,636.2229,-6,-6,-3.0,-3.0,5
74,187.90846,635.57825,-6,-4,-3.0,-2.0,5
75,251.10466,635.7369,-6,-2,-3.0,-1.0,5
76,315.90176,635.9492,-6,0,-3.0,0.0,5
77,382.1222,637.0968,-6,2,-3.0,1.0,5
78,450.76523,638.6871,-6,4,-3.0,2.0,5
79,521.99725,641.1831,-6,6,-3.0,3.0,5
80,595.46344,643.7931,-6,8,-3.0,4.0,5
82,187.95534,704.6905,-8,-4,-4.0,-2.0,5
83,252.31407,704.75037,-8,-2,-4.0,-1.0,5
84,317.0445,705.1819,-8,0,-4.0,0.0,5
85,123.16135,705.5832,-8,-6,-4.0,-3.0,5
86,384.2074,707.1803,-8,2,-4.0,1.0,5
87,454.14163,710.21564,-8,4,-4.0,2.0,5
88,526.6341,714.00336,-8,6,-4.0,3.0,5
90,187.22052,775.1649,-10,-4,-5.0,-2.0,5
91,252.76547,775.02405,-10,-2,-5.0,-1.0,5
92,121.35125,776.06085,-10,-6,-5.0,-3.0,5
93,319.03284,776.11896,-10,0,-5.0,0.0,5
94,387.13834,778.83356,-10,2,-5.0,1.0,5
95,457.77682,782.7432,-10,4,-5.0,2.0,5
96,530.3675,786.59436,-10,6,-5.0,3.0,5
97,253.88045,848.88184,-12,-2,-6.0,-1.0,5
98,321.025,850.0608,-12,0,-6.0,0.0,5
99,390.16177,852.4342,-12,2,-6.0,1.0,5
100,462.08145,857.5764,-12,4,-6.0,2.0,5
5,469.0501,173.90915,8,4,4.0,2.0,6
6,402.8696,175.9184,8,2,4.0,1.0,6
7,337.36813,177.2559,8,0,4.0,0.0,6
8,274.77814,180.08113,8,-2,4.0,-1.0,6
9,210.32661,181.02567,8,-4,4.0,-2.0,6
10,534.2806,237.21297,6,6,3.0,3.0,6
12,466.05875,238.11598,6,4,3.0,2.0,6
13,399.26,239.86134,6,2,3.0,1.0,6
14,334.18268,241.42003,6,0,3.0,0.0,6
15,271.0951,243.96623,6,-2,3.0,-1.0,6
16,144.48184,246.53488,6,-6,3.0,-3.0,6
17,208.99947,246.1991,6,-4,3.0,-2.0,6
18,533.04254,303.15625,4,6,2.0,3.0,6
19,603.19196,302.69113,4,8,2.0,4.0,6
20,463.94946,303.7866,4,4,2.0,2.0,6
22,397.06808,304.89365,4,2,2.0,1.0,6
23,331.38278,306.14233,4,0,2.0,0.0,6
24,268.0635,308.1923,4,-2,2.0,-1.0,6
25,206.0684,310.24103,4,-4,2.0,-2.0,6
26,144.1915,312.13547,4,-6,2.0,-3.0,6
27,395.0306,370.4109,2,2,1.0,1.0,6
28,462.20248,369.91476,2,4,1.0,2.0,6
29,531.9321,369.98508,2,6,1.0,3.0,6
30,603.02747,370.38843,2,8,1.0,4.0,6
31,329.89474,371.88602,2,0,1.0,0.0,6
33,265.3201,372.98343,2,-2,1.0,-1.0,6
34,203.96613,375.02707,2,-4,1.0,-2.0,6
35,142.3532,376.57877,2,-6,1.0,-3.0,6
36,78.1425,378.5966,2,-8,1.0,-4.0,6
37,393.24628,437.0895,0,2,0.0,1.0,6
38,461.1294,437.0956,0,4,0.0,2.0,6
39,328.07315,437.9981,0,0,0.0,0.0,6
40,531.83453,437.77612,0,6,0.0,3.0,6
41,264.07468,438.93762,0,-2,0.0,-1.0,6
42,603.1117,438.77048,0,8,0.0,4.0,6
43,201.21901,440.03094,0,-4,0.0,-2.0,6
44,139.66136,441.42004,0,-6,0.0,-3.0,6
46,76.29314,442.59424,0,-8,0.0,-4.0,6
47,262.32867,505.2319,-2,-2,-1.0,-1.0,6
48,326.9856,505.00912,-2,0,-1.0,0.0,6
49,393.03928,505.04276,-2,2,-1.0,1.0,6
50,461.0913,505.3154,-2,4,-1.0,2.0,6
51,200.11868,506.07394,-2,-4,-1.0,-2.0,6
52,138.33484,507.10944,-2,-6,-1.0,-3.0,6
53,531.9198,506.79398,-2,6,-1.0,3.0,6
54,74.45842,508.27713,-2,-8,-1.0,-4.0,6
55,604.18994,508.2547,-2,8,-1.0,4.0,6
57,199.19382,572.85046,-4,-4,-2.0,-2.0,6
58,262.24832,572.7395,-4,-2,-2.0,-1.0,6
59,326.99966,572.86707,-4,0,-2.0,0.0,6
60,393.17853,573.25476,-4,2,-2.0,1.0,6
61,137.23383,573.8135,-4,-6,-2.0,-3.0,6
62,73.22259,575.07355,-4,-8,-2.0,-4.0,6
63,461.84903,574.6929,-4,4,-2.0,2.0,6
64,533.0076,576.3973,-4,6,-2.0,3.0,6
65,607.0182,579.154,-4,8,-2.0,4.0,6
67,199.01828,640.1753,-6,-4,-3.0,-2.0,6
68,136.12495,641.1852,-6,-6,-3.0,-3.0,6
69,262.81396,640.7933,-6,-2,-3.0,-1.0,6
70,327.79633,641.1027,-6,0,-3.0,0.0,6
71,394.8018,642.89734,-6,2,-3.0,1.0,6
72,463.07535,643.85803,-6,4,-3.0,2.0,6
73,535.2672,647.1258,-6,6,-3.0,3.0,6
75,199.21077,709.7476,-8,-4,-4.0,-2.0,6
76,264.18716,709.94183,-8,-2,-4.0,-1.0,6
77,134.37938,710.62024,-8,-6,-4.0,-3.0,6
78,329.1462,710.99567,-8,0,-4.0,0.0,6
79,397.00446,713.12555,-8,2,-4.0,1.0,6
80,467.21176,716.34796,-8,4,-4.0,2.0,6
81,540.0234,720.08453,-8,6,-4.0,3.0,6
83,133.0425,781.1766,-10,-6,-5.0,-3.0,6
84,199.00313,780.79065,-10,-4,-5.0,-2.0,6
85,264.80032,780.8175,-10,-2,-5.0,-1.0,6
86,331.17172,782.05994,-10,0,-5.0,0.0,6
87,400.03278,785.03094,-10,2,-5.0,1.0,6
88,471.594,789.7023,-10,4,-5.0,2.0,6
89,544.5947,793.5924,-10,6,-5.0,3.0,6
90,266.00616,854.8623,-12,-2,-6.0,-1.0,6
91,333.73257,856.29956,-12,0,-6.0,0.0,6
92,403.31714,859.4406,-12,2,-6.0,1.0,6
93,476.0035,864.8755,-12,4,-6.0,2.0,6
0,418.01535,114.90213,10,2,5.0,1.0,7
1,352.88016,117.43938,10,0,5.0,0.0,7
3,549.28204,176.20789,8,6,4.0,3.0,7
4,480.9197,178.0021,8,4,4.0,2.0,7
5,414.1546,179.91666,8,2,4.0,1.0,7
6,348.9168,181.36264,8,0,4.0,0.0,7
7,285.22003,184.03627,8,-2,4.0,-1.0,7
8,221.44995,185.3456,8,-4,4.0,-2.0,7
9,617.9057,241.16524,6,8,3.0,4.0,7
10,547.044,241.87352,6,6,3.0,3.0,7
11,478.04474,242.76341,6,4,3.0,2.0,7
12,411.0233,244.01787,6,2,3.0,1.0,7
13,345.92465,246.0082,6,0,3.0,0.0,7
14,282.0836,248.05882,6,-2,3.0,-1.0,7
15,219.91399,250.25444,6,-4,3.0,-2.0,7
16,156.20549,251.262,6,-6,3.0,-3.0,7
17,616.0999,307.00616,4,8,2.0,4.0,7
18,475.91397,308.09915,4,4,2.0,2.0,7
19,545.24884,307.8796,4,6,2.0,3.0,7
20,408.3297,309.04105,4,2,2.0,1.0,7
22,343.04248,310.443,4,0,2.0,0.0,7
23,279.0839,312.2985,4,-2,2.0,-1.0,7
24,216.35011,314.2102,4,-4,2.0,-2.0,7
25,155.25679,316.3993,4,-6,2.0,-3.0,7
26,406.9148,375.11664,2,2,1.0,1.0,7
27,474.92682,374.78406,2,4,1.0,2.0,7
28,544.7912,374.90503,2,6,1.0,3.0,7
29,616.16925,375.3491,2,8,1.0,4.0,7
30,341.00052,376.1497,2,0,1.0,0.0,7
31,276.32257,377.22882,2,-2,1.0,-1.0,7
33,214.23817,379.0896,2,-4,1.0,-2.0,7
34,153.31708,381.06488,2,-6,1.0,-3.0,7
35,89.30256,383.22815,2,-8,1.0,-4.0,7
36,339.2275,442.38275,0,0,0.0,0.0,7
37,405.21713,441.95108,0,2,0.0,1.0,7
38,473.861,442.14655,0,4,0.0,2.0,7
39,274.43024,443.16818,0,-2,0.0,-1.0,7
40,544.7786,442.8349,0,6,0.0,3.0,7
41,211.49974,444.2187,0,-4,0.0,-2.0,7
42,616.9383,444.0558,0,8,0.0,4.0,7
43,151.25742,446.1398,0,-6,0.0,-3.0,7
45,88.03358,447.41174,0,-8,0.0,-4.0,7
46,210.43509,510.40463,-2,-4,-1.0,-2.0,7
47,273.99408,510.10785,-2,-2,-1.0,-1.0,7
48,338.79437,509.97195,-2,0,-1.0,0.0,7
49,405.0753,510.05875,-2,2,-1.0,1.0,7
50,473.964,510.7922,-2,4,-1.0,2.0,7
51,149.28246,511.79916,-2,-6,-1.0,-3.0,7
52,544.98914,511.97226,-2,6,-1.0,3.0,7
53,86.09501,513.0203,-2,-8,-1.0,-4.0,7
54,618.2083,514.1143,-2,8,-1.0,4.0,7
56,273.32996,577.30225,-4,-2,-2.0,-1.0,7
57,148.2136,578.25165,-4,-6,-2.0,-3.0,7
58,210.22849,577.6895,-4,-4,-2.0,-2.0,7
59,338.8995,577.92993,-4,0,-2.0,0.0,7
60,405.86584,578.79474,-4,2,-2.0,1.0,7
61,85.013535,579.8096,-4,-8,-2.0,-4.0,7
62,474.7103,579.9411,-4,4,-2.0,2.0,7
63,546.2626,582.09607,-4,6,-2.0,3.0,7
66,210.12222,645.1678,-6,-4,-3.0,-2.0,7
67,147.23344,645.9397,-6,-6,-3.0,-3.0,7
68,274.06363,645.8065,-6,-2,-3.0,-1.0,7
69,339.25482,646.1868,-6,0,-3.0,0.0,7
70,82.1927,647.61865,-6,-8,-3.0,-4.0,7
71,406.9811,648.078,-6,2,-3.0,1.0,7
72,476.02744,649.1643,-6,4,-3.0,2.0,7
73,549.21454,653.1384,-6,6,-3.0,3.0,7
75,211.02977,714.95135,-8,-4,-4.0,-2.0,7
76,275.46042,715.1393,-8,-2,-4.0,-1.0,7
77,146.18314,715.6162,-8,-6,-4.0,-3.0,7
78,341.7831,716.86383,-8,0,-4.0,0.0,7
79,409.89056,719.0831,-8,2,-4.0,1.0,7
80,481.1564,722.789,-8,4,-4.0,2.0,7
81,554.0246,726.2615,-8,6,-4.0,3.0,7
83,144.38893,786.2379,-10,-6,-5.0,-3.0,7
84,210.36783,785.9483,-10,-4,-5.0,-2.0,7
85,276.84723,786.6742,-10,-2,-5.0,-1.0,7
86,343.8911,788.1007,-10,0,-5.0,0.0,7
87,413.02777,791.1557,-10,2,-5.0,1.0,7
88,484.82742,795.941,-10,4,-5.0,2.0,7
90,278.04843,860.33936,-12,-2,-6.0,-1.0,7
91,346.1944,862.47723,-12,0,-6.0,0.0,7
92,417.08145,866.6708,-12,2,-6.0,1.0,7
93,490.22876,872.88293,-12,4,-6.0,2.0,7
1,429.05154,118.90281,10,2,5.0,1.0,8
2,363.35318,121.284325,10,0,5.0,0.0,8
4,561.88214,180.82489,8,6,4.0,3.0,8
5,492.253,181.98349,8,4,4.0,2.0,8
6,425.16653,183.40082,8,2,4.0,1.0,8
7,359.84067,185.26909,8,0,4.0,0.0,8
8,295.95145,187.57092,8,-2,4.0,-1.0,8
11,559.0855,246.08469,6,6,3.0,3.0,8
12,630.873,245.91165,6,8,3.0,4.0,8
13,489.83566,246.9189,6,4,3.0,2.0,8
14,422.15198,248.06856,6,2,3.0,1.0,8
15,356.3038,249.4313,6,0,3.0,0.0,8
16,292.30847,251.4949,6,-2,3.0,-1.0,8
17,229.4605,253.60999,6,-4,3.0,-2.0,8
19,487.27682,312.26263,4,4,2.0,2.0,8
20,557.9514,312.28397,4,6,2.0,3.0,8
21,629.04803,311.95306,4,8,2.0,4.0,8
22,419.97476,313.22433,4,2,2.0,1.0,8
23,354.00632,314.4531,4,0,2.0,0.0,8
25,289.38956,316.24393,4,-2,2.0,-1.0,8
26,227.1503,318.3029,4,-4,2.0,-2.0,8
28,166.19598,320.84686,4,-6,2.0,-3.0,8
29,418.11667,379.35916,2,2,1.0,1.0,8
30,486.2834,379.10403,2,4,1.0,2.0,8
31,556.9177,379.37662,2,6,1.0,3.0,8
32,352.0341,380.32898,2,0,1.0,0.0,8
33,629.16864,380.27844,2,8,1.0,4.0,8
34,287.23773,381.4225,2,-2,1.0,-1.0,8
36,225.02917,383.26306,2,-4,1.0,-2.0,8
37,164.0775,385.1314,2,-6,1.0,-3.0,8
38,99.64858,387.2398,2,-8,1.0,-4.0,8
39,350.35318,446.99915,0,0,0.0,0.0,8
40,417.09195,446.7418,0,2,0.0,1.0,8
41,485.94846,446.9785,0,4,0.0,2.0,8
42,286.08188,447.8829,0,-2,0.0,-1.0,8
43,557.0749,447.78888,0,6,0.0,3.0,8
44,223.04443,448.8394,0,-4,0.0,-2.0,8
45,630.07446,449.17996,0,8,0.0,4.0,8
46,161.41081,450.21408,0,-6,0.0,-3.0,8
47,99.045715,451.9641,0,-8,0.0,-4.0,8
49,221.34668,515.00055,-2,-4,-1.0,-2.0,8
50,285.0075,514.9033,-2,-2,-1.0,-1.0,8
51,350.01843,514.74994,-2,0,-1.0,0.0,8
52,416.9956,514.96173,-2,2,-1.0,1.0,8
53,160.14021,516.0853,-2,-6,-1.0,-3.0,8
54,486.09296,515.7789,-2,4,-1.0,2.0,8
55,97.06445,517.2565,-2,-8,-1.0,-4.0,8
56,557.8966,517.1218,-2,6,-1.0,3.0,8
57,632.84814,520.01337,-2,8,-1.0,4.0,8
59,221.13751,582.1985,-4,-4,-2.0,-2.0,8
60,285.02228,582.1857,-4,-2,-2.0,-1.0,8
61,159.10611,582.8856,-4,-6,-2.0,-3.0,8
62,350.1541,582.8182,-4,0,-2.0,0.0,8
63,95.35222,584.02094,-4,-8,-2.0,-4.0,8
64,417.86707,583.8327,-4,2,-2.0,1.0,8
65,486.8714,584.9722,-4,4,-2.0,2.0,8
66,559.28644,587.36505,-4,6,-2.0,3.0,8
69,221.09549,649.9827,-6,-4,-3.0,-2.0,8
70,158.16663,650.6831,-6,-6,-3.0,-3.0,8
71,285.19803,650.7492,-6,-2,-3.0,-1.0,8
72,93.14085,651.8006,-6,-8,-3.0,-4.0,8
73,351.1339,651.6815,-6,0,-3.0,0.0,8
74,419.01053,653.2118,-6,2,-3.0,1.0,8
75,488.95908,654.8976,-6,4,-3.0,2.0,8
76,563.01355,659.1162,-6,6,-3.0,3.0,8
78,157.2309,720.19806,-8,-6,-4.0,-3.0,8
79,222.15852,719.8826,-8,-4,-4.0,-2.0,8
80,91.15693,720.9597,-8,-8,-4.0,-4.0,8
81,287.30515,720.71027,-8,-2,-4.0,-1.0,8
82,353.1061,721.98663,-8,0,-4.0,0.0,8
83,422.2645,724.8934,-8,2,-4.0,1.0,8
84,494.09808,728.8916,-8,4,-4.0,2.0,8
85,568.2416,732.95404,-8,6,-4.0,3.0,8
86,155.49298,791.30865,-10,-6,-5.0,-3.0,8
87,222.07726,791.2192,-10,-4,-5.0,-2.0,8
88,288.12622,791.9172,-10,-2,-5.0,-1.0,8
89,355.9601,793.96326,-10,0,-5.0,0.0,8
90,426.00885,797.77484,-10,2,-5.0,1.0,8
91,499.4998,803.5156,-10,4,-5.0,2.0,8
93,290.00592,866.359,-12,-2,-6.0,-1.0,8
94,358.33337,868.7191,-12,0,-6.0,0.0,8
95,430.2117,873.76587,-12,2,-6.0,1.0,8
1,440.16656,122.242645,10,2,5.0,1.0,9
2,375.046,125.25461,10,0,5.0,0.0,9
3,574.0995,184.87733,8,6,4.0,3.0,9
4,504.21732,186.01828,8,4,4.0,2.0,9
5,437.0133,187.85345,8,2,4.0,1.0,9
6,371.06784,189.24387,8,0,4.0,0.0,9
7,306.42374,191.3494,8,-2,4.0,-1.0,9
10,571.2916,250.22786,6,6,3.0,3.0,9
11,643.92706,250.01196,6,8,3.0,4.0,9
12,501.91714,251.03978,6,4,3.0,2.0,9
13,433.95798,252.06244,6,2,3.0,1.0,9
14,368.08505,253.9574,6,0,3.0,0.0,9
15,303.3373,255.42542,6,-2,3.0,-1.0,9
16,241.06862,258.139,6,-4,3.0,-2.0,9
18,431.33884,317.34927,4,2,2.0,1.0,9
19,499.90695,316.95114,4,4,2.0,2.0,9
20,570.1804,316.9449,4,6,2.0,3.0,9
21,642.25366,316.87103,4,8,2.0,4.0,9
22,365.20255,318.54794,4,0,2.0,0.0,9
24,300.40884,320.25882,4,-2,2.0,-1.0,9
25,238.11765,322.3118,4,-4,2.0,-2.0,9
26,176.33113,324.48538,4,-6,2.0,-3.0,9
28,430.1193,384.0115,2,2,1.0,1.0,9
29,499.07104,383.91693,2,4,1.0,2.0,9
30,569.8865,384.20712,2,6,1.0,3.0,9
31,363.87967,384.97244,2,0,1.0,0.0,9
32,643.0364,385.28546,2,8,1.0,4.0,9
33,298.338,385.87906,2,-2,1.0,-1.0,9
34,235.37268,387.2122,2,-4,1.0,-2.0,9
36,174.3089,389.1666,2,-6,1.0,-3.0,9
37,110.61444,391.40582,2,-8,1.0,-4.0,9
38,429.09567,451.17587,0,2,0.0,1.0,9
39,297.15594,452.15363,0,-2,0.0,-1.0,9
40,362.21384,451.75323,0,0,0.0,0.0,9
41,498.7515,451.94904,0,4,0.0,2.0,9
42,233.3734,453.02237,0,-4,0.0,-2.0,9
43,570.11884,452.83466,0,6,0.0,3.0,9
44,171.62892,454.33182,0,-6,0.0,-3.0,9
45,643.3834,454.28745,0,8,0.0,4.0,9
46,109.447464,456.00955,0,-8,0.0,-4.0,9
48,232.3263,519.41675,-2,-4,-1.0,-2.0,9
49,296.1451,519.23486,-2,-2,-1.0,-1.0,9
50,361.30276,519.1111,-2,0,-1.0,0.0,9
51,170.38951,520.2586,-2,-6,-1.0,-3.0,9
52,429.05737,519.8536,-2,2,-1.0,1.0,9
53,499.01752,520.8996,-2,4,-1.0,2.0,9
54,108.19351,521.8106,-2,-8,-1.0,-4.0,9
55,571.0079,522.2984,-2,6,-1.0,3.0,9
56,646.2726,525.3269,-2,8,-1.0,4.0,9
58,169.40068,587.2371,-4,-6,-2.0,-3.0,9
59,232.19836,586.9416,-4,-4,-2.0,-2.0,9
60,296.20187,587.0797,-4,-2,-2.0,-1.0,9
61,362.05542,587.8322,-4,0,-2.0,0.0,9
62,107.114555,588.80176,-4,-8,-2.0,-4.0,9
63,430.00598,588.8855,-4,2,-2.0,1.0,9
64,499.83777,590.20355,-4,4,-2.0,2.0,9
65,573.24945,593.25793,-4,6,-2.0,3.0,9
67,169.20187,655.19,-6,-6,-3.0,-3.0,9
68,232.25085,654.9112,-6,-4,-3.0,-2.0,9
69,297.06018,655.76447,-6,-2,-3.0,-1.0,9
70,104.30653,656.566,-6,-8,-3.0,-4.0,9
71,363.13187,656.77673,-6,0,-3.0,0.0,9
72,431.8744,658.9304,-6,2,-3.0,1.0,9
73,502.14282,660.68756,-6,4,-3.0,2.0,9
74,577.0941,665.1406,-6,6,-3.0,3.0,9
76,168.43121,725.1287,-8,-6,-4.0,-3.0,9
77,233.38396,724.95087,-8,-4,-4.0,-2.0,9
78,102.84808,725.9517,-8,-8,-4.0,-4.0,9
79,299.23752,725.8917,-8,-2,-4.0,-1.0,9
80,365.80005,727.82654,-8,0,-4.0,0.0,9
81,435.19467,730.88495,-8,2,-4.0,1.0,9
82,508.89557,735.6125,-8,4,-4.0,2.0,9
84,167.26608,796.3802,-10,-6,-5.0,-3.0,9
85,233.97064,796.93713,-10,-4,-5.0,-2.0,9
86,300.75525,797.80896,-10,-2,-5.0,-1.0,9
87,368.2883,799.9525,-10,0,-5.0,0.0,9
88,439.78598,804.6203,-10,2,-5.0,1.0,9
89,513.58826,810.57666,-10,4,-5.0,2.0,9
90,302.1204,872.42285,-12,-2,-6.0,-1.0,9
91,371.19766,875.1032,-12,0,-6.0,0.0,9
92,443.9625,881.0597,-12,2,-6.0,1.0,9
0,451.7036,126.11954,10,2,5.0,1.0,10
1,385.9679,129.09229,10,0,5.0,0.0,10
2,586.1376,188.17992,8,6,4.0,3.0,10
3,516.0031,189.89212,8,4,4.0,2.0,10
4,447.9815,191.17719,8,2,4.0,1.0,10
5,381.37152,192.38905,8,0,4.0,0.0,10
6,317.2556,195.12445,8,-2,4.0,-1.0,10
7,254.10854,196.79637,8,-4,4.0,-2.0,10
9,583.8699,254.24689,6,6,3.0,3.0,10
10,656.2217,254.03485,6,8,3.0,4.0,10
11,513.18097,254.85287,6,4,3.0,2.0,10
12,445.10495,255.9202,6,2,3.0,1.0,10
13,378.87665,257.2916,6,0,3.0,0.0,10
14,314.10385,259.31488,6,-2,3.0,-1.0,10
15,251.09827,261.39133,6,-4,3.0,-2.0,10
18,442.95273,321.23013,4,2,2.0,1.0,10
19,511.82275,320.98154,4,4,2.0,2.0,10
20,582.9132,321.06543,4,6,2.0,3.0,10
21,655.2655,321.0628,4,8,2.0,4.0,10
22,376.11432,322.34674,4,0,2.0,0.0,10
24,311.2299,324.0734,4,-2,2.0,-1.0,10
25,247.51436,325.52136,4,-4,2.0,-2.0,10
28,374.1975,388.44,2,0,1.0,0.0,10
29,441.25806,388.0028,2,2,1.0,1.0,10
30,511.02658,388.0899,2,4,1.0,2.0,10
31,309.11353,389.49298,2,-2,1.0,-1.0,10
32,582.1189,388.83923,2,6,1.0,3.0,10
33,656.12195,389.9611,2,8,1.0,4.0,10
34,246.12822,391.14685,2,-4,1.0,-2.0,10
36,185.7598,393.1997,2,-6,1.0,-3.0,10
38,308.0032,456.1916,0,-2,0.0,-1.0,10
39,373.21457,455.8251,0,0,0.0,0.0,10
40,440.91965,455.78076,0,2,0.0,1.0,10
41,510.17126,456.12045,0,4,0.0,2.0,10
42,244.15524,457.01395,0,-4,0.0,-2.0,10
43,582.9837,457.32828,0,6,0.0,3.0,10
44,182.40736,458.21756,0,-6,0.0,-3.0,10
45,657.985,459.8395,0,8,0.0,4.0,10
48,242.46315,523.3811,-2,-4,-1.0,-2.0,10
49,180.499,524.24567,-2,-6,-1.0,-3.0,10
50,307.072,523.8105,-2,-2,-1.0,-1.0,10
51,372.96655,523.827,-2,0,-1.0,0.0,10
52,440.92035,524.1975,-2,2,-1.0,1.0,10
53,118.356094,525.2495,-2,-8,-1.0,-4.0,10
54,511.01544,525.25146,-2,4,-1.0,2.0,10
55,583.3387,527.1726,-2,6,-1.0,3.0,10
56,660.9848,531.042,-2,8,-1.0,4.0,10
58,179.532,591.3141,-4,-6,-2.0,-3.0,10
59,242.37703,591.1465,-4,-4,-2.0,-2.0,10
60,307.17575,591.30206,-4,-2,-2.0,-1.0,10
61,373.16708,592.1544,-4,0,-2.0,0.0,10
62,117.22085,592.76746,-4,-8,-2.0,-4.0,10
63,441.98334,593.6964,-4,2,-2.0,1.0,10
64,512.03156,595.1019,-4,4,-2.0,2.0,10
65,586.3414,598.3377,-4,6,-2.0,3.0,10
67,243.14096,659.16907,-6,-4,-3.0,-2.0,10
68,180.08861,659.701,-6,-6,-3.0,-3.0,10
69,308.06616,660.047,-6,-2,-3.0,-1.0,10
70,115.24603,660.64343,-6,-8,-3.0,-4.0,10
71,374.86728,661.605,-6,0,-3.0,0.0,10
72,443.9132,663.8763,-6,2,-3.0,1.0,10
73,514.9757,665.8099,-6,4,-3.0,2.0,10
74,591.0914,670.9772,-6,6,-3.0,3.0,10
76,113.78797,730.0739,-8,-8,-4.0,-4.0,10
77,179.97577,729.7727,-8,-6,-4.0,-3.0,10
78,244.39268,729.74457,-8,-4,-4.0,-2.0,10
79,310.3314,730.7365,-8,-2,-4.0,-1.0,10
80,377.18283,732.8708,-8,0,-4.0,0.0,10
81,447.86954,736.1364,-8,2,-4.0,1.0,10
82,521.9214,741.60547,-8,4,-4.0,2.0,10
84,178.25746,801.1584,-10,-6,-5.0,-3.0,10
85,245.06195,801.8608,-10,-4,-5.0,-2.0,10
86,311.99393,802.8665,-10,-2,-5.0,-1.0,10
87,380.83398,805.7896,-10,0,-5.0,0.0,10
88,451.3412,809.3654,-10,2,-5.0,1.0,10
90,245.2334,876.4506,-12,-4,-6.0,-2.0,10
91,314.11102,878.41656,-12,-2,-6.0,-1.0,10
92,383.9452,881.94556,-12,0,-6.0,0.0,10
93,457.06204,888.03955,-12,2,-6.0,1.0,10
0,464.7624,130.40015,10,2,5.0,1.0,11
1,398.9007,133.24367,10,0,5.0,0.0,11
2,600.2875,193.16623,8,6,4.0,3.0,11
3,529.928,194.34209,8,4,4.0,2.0,11
4,461.1589,195.5602,8,2,4.0,1.0,11
5,394.35583,197.30295,8,0,4.0,0.0,11
6,330.08978,199.55374,8,-2,4.0,-1.0,11
9,598.82556,259.42822,6,6,3.0,3.0,11
10,672.1333,259.31073,6,8,3.0,4.0,11
11,458.2312,260.3725,6,2,3.0,1.0,11
12,527.766,259.99548,6,4,3.0,2.0,11
13,391.95435,262.191,6,0,3.0,0.0,11
14,326.34857,263.60526,6,-2,3.0,-1.0,11
15,263.20447,265.64813,6,-4,3.0,-2.0,11
18,456.28452,326.33307,4,2,2.0,1.0,11
19,525.9031,326.09998,4,4,2.0,2.0,11
20,597.27466,326.42877,4,6,2.0,3.0,11
21,389.2339,327.35852,4,0,2.0,0.0,11
22,671.23816,327.0539,4,8,2.0,4.0,11
23,323.51178,328.51053,4,-2,2.0,-1.0,11
24,260.33804,330.49664,4,-4,2.0,-2.0,11
27,455.12604,393.2235,2,2,1.0,1.0,11
28,321.5078,394.4294,2,-2,1.0,-1.0,11
29,387.94647,393.98618,2,0,1.0,0.0,11
30,525.8578,393.89706,2,4,1.0,2.0,11
31,597.15375,394.327,2,6,1.0,3.0,11
32,258.92044,396.18875,2,-4,1.0,-2.0,11
33,672.1812,396.0119,2,8,1.0,4.0,11
34,197.1158,397.5438,2,-6,1.0,-3.0,11
36,320.37103,461.29016,0,-2,0.0,-1.0,11
37,386.4175,461.11435,0,0,0.0,0.0,11
38,454.8734,461.17993,0,2,0.0,1.0,11
39,256.35046,462.11447,0,-4,0.0,-2.0,11
40,525.01544,462.06512,0,4,0.0,2.0,11
41,195.20642,463.36148,0,-6,0.0,-3.0,11
42,598.7587,463.7972,0,6,0.0,3.0,11
44,674.1892,466.12524,0,8,0.0,4.0,11
45,193.32132,529.4704,-2,-6,-1.0,-3.0,11
46,255.39561,529.0012,-2,-4,-1.0,-2.0,11
47,320.0862,529.07574,-2,-2,-1.0,-1.0,11
48,386.23096,529.1491,-2,0,-1.0,0.0,11
49,454.97025,530.1688,-2,2,-1.0,1.0,11
51,526.08136,531.7577,-2,4,-1.0,2.0,11
52,599.932,533.968,-2,6,-1.0,3.0,11
54,193.10646,596.91925,-4,-6,-2.0,-3.0,11
55,255.35799,596.8696,-4,-4,-2.0,-2.0,11
56,320.2832,597.1556,-4,-2,-2.0,-1.0,11
57,129.3691,598.0549,-4,-8,-2.0,-4.0,11
58,387.11652,598.1693,-4,0,-2.0,0.0,11
59,456.09732,599.8206,-4,2,-2.0,1.0,11
60,527.0611,601.3408,-4,4,-2.0,2.0,11
61,602.3963,605.2549,-4,6,-2.0,3.0,11
63,193.02167,665.0663,-6,-6,-3.0,-3.0,11
64,256.15125,665.05426,-6,-4,-3.0,-2.0,11
65,128.24228,665.6855,-6,-8,-3.0,-4.0,11
66,321.8225,666.0129,-6,-2,-3.0,-1.0,11
67,388.86597,667.71313,-6,0,-3.0,0.0,11
68,458.10837,670.08276,-6,2,-3.0,1.0,11
69,530.20935,672.2534,-6,4,-3.0,2.0,11
72,192.47969,735.30383,-8,-6,-4.0,-3.0,11
73,258.10574,735.39355,-8,-4,-4.0,-2.0,11
74,126.93088,735.8781,-8,-8,-4.0,-4.0,11
75,324.18048,736.9654,-8,-2,-4.0,-1.0,11
76,391.8041,739.7645,-8,0,-4.0,0.0,11
77,462.32584,743.00653,-8,2,-4.0,1.0,11
78,538.78723,749.62177,-8,4,-4.0,2.0,11
80,191.97011,807.4625,-10,-6,-5.0,-3.0,11
81,258.97025,808.7427,-10,-4,-5.0,-2.0,11
82,326.01703,809.80396,-10,-2,-5.0,-1.0,11
83,395.19562,812.8654,-10,0,-5.0,0.0,11
84,467.15845,817.3999,-10,2,-5.0,1.0,11
86,259.1445,883.5602,-12,-4,-6.0,-2.0,11
87,328.0918,885.7546,-12,-2,-6.0,-1.0,11
88,401.19672,894.895,-12,0,-6.0,0.0,11
